secretId,title,firstname,lastname,gender,company,industry,functionality,city,country,type,email,username,password,whitelist,blacklist,avatar
1,,Admin,Istrator,female,MatchMaking,Other,Other,Nirvana,Heaven,Administrator,admin@matchmaking.de,MatchMaking,OKMAKSDFASFDLJLKAEJRELKRJARLSDKUFLASDFKUASLKDFJLK'',,,0
2,,Hendrik,Bonmann,male,Keeping,Automotive,Sales,Munich,Germany,Visitor,hendrik@bonmann.de,hendrik,test2,,,1
3,,Johann,Hipper,male,Changer,Automotive,Marketing,Munich,Germany,Visitor,johann@hipper.de,johann,test3,,,2
4,Dr,Marco,Hiller,male,TSV1860Munich',ICT,Marketing,Munich,Germany,Visitor,Marco@Hiller.de,marcohiller,test1,,,3
5,,Tom,Kretschmar,male,GoAway,ICT,IT,Bocholt,Germany,Visitor,tom@kretschmar.de,tom,test4,,,4
6,,Simon,Lorenz,male,VFLBochum,ICT,IT,Bochum,Germany,Exhibitor,simon@lorenz.de,simon,test5,,,5
7,Prof,Semi,Belkahla,male,MSVDuisburg,Electronics,Other,Duisburg,Germany,Visitor,sweetlilly@yahoo.com,sweetlilly,test6,,,6
8,Prof,Leon,Klassen,male,Arminia,Electronics,IT,Bielefeld,Germany,Exhibitor,buyEnlargementPills@gmail.com,ViagraForFreeNow,test7,,,7
9,Dr,Romuald,Lacazette,male,Arminia,Electronics,Other,Bielefeld,Germany,Visitor,homofuerst@polizisten-duzer.de,Romuald,test8,,,8
10,Dr,Dennis,Dressel,male,Mittelfeld,ICT,Other,Kassel,Germany,Visitor,dennis@dressel.de,Dennis,test9,,,9
11,Dr,Nico,Karger,male,Sturm,Other,ICT,Paris,France,Visitor,nico.karger@gmail.com,NicoKarger,test10,,,0
12,,PrinceOsel,Owusu,male,RuwandaOilKG,Other,Other,Moscow,Russia,Visitor,princecommanderinchiefowusubelududoru@hutulu.com,PrinceOwusu,test11,,,1
13,,Lea,Reckhord,female,LMU,Other,Other,Munich,Germany,Visitor,lea.reckhord@gmail.de,Lea,lea,,,2
